Tagalog,Translation
sa,sa
jacob,jacob
anak,ang
ang,ang
israel,sa
si,si
kasama,nga
bawat,ang
ehipto,sa
ay,nga
mga,ang
ito,nga
sambahayan,sa
isa,sa
na,nga
dumating,sa
ni,sa
ng,nga
kanya,sa
kanyang,ang
pangalan,ang
sina,kag
levi,levi
juda,juda
simeon,simeon
ruben,reuben
benjamin,benjamin
zebulon,zebulun
isacar,isacar
at,ang
gad,gad
dan,dan
aser,asher
neftali,naftali
katao,ni
nagmula,nga
taong,sa
balakang,sang
nasa,sa
lahat,nga
pitumpung,70
jose,jose
buong,nga
iyon,nga
namatay,nga
kapatid,nga
salinlahing,nga
napakalakas,sang
napuno,ila
y,sa
kaya,ang
sila,sa
naging,ang
t,ang
nila,sa
dumami,nga
lupain,sa
lumago,sa
nadagdagang,diin
mabuti,nga
bagong,sa
may,nga
bumangong,kahibalo
hari,sang
hindi,nga
isang,nga
kilala,sa
ninyo,sa
higit,sa
kaysa,sa
mas,sa
atin,sa
sinabi,sa
sambayanan,ang
niya,ang
marami,ang
tingnan,sa
bayan,sa
malakas,sa
baka,nga
halikayo,gani
pakitunguhan,sa
nang,sa
mangyari,sa
katusuhan,sa
natin,sa
digmaan,sa
umanib,sa
lumaban,sa
nagkaroon,nga
kaaway,mga
umalis,ang
ating,sa
kapag,nga
rameses,rameses
upang,sa
kanilang,ang
pitom,ila
sapilitang,nga
faraon,ang
pahirapan,ila
paggawa,sa
ipinagtayo,sa
lunsod,ang
naglagay,sa
tagapangasiwa,sa
imbakan,ila
lalong,ila
silang,sa
habang,ang
dumarami,ila
subalit,ang
lalo,sa
lumalaganap,ila
kinasuklaman,ila
pinahihirapan,ila
ehipcio,sa
malupit,sa
pinapaglingkod,ila
luwad,sa
uri,nga
paglilingkod,sa
pamamagitan,sa
pinapait,ila
mahirap,ila
ipinapatay,ila
bukid,sa
tisa,mga
batang,ang
gawain,sa
buhay,nga
lalaki,nga
sifra,nga
pua,nga
hebrea,nga
ikalawa,nga
nagsalita,ang
hilot,nga
pagtingin,bata
mabubuhay,sa
ngunit,ang
papatayin,ang
upuang,sa
babaing,nga
paghilot,bata
panganganakan,bata
kanila,sa
kung,nga
babae,ang
ginawa,nga
mabuhay,nga
hinayaan,ang
gaya,sa
nilang,nga
iniutos,ang
natakot,sa
kundi,sa
diyos,dios
bakit,ang
ipinatawag,kag
bagay,nga
ninyong,nga
sapagkat,nga
bago,nga
malalakas,egiptohanon
nakapanganak,egiptohanon
ehipcia,egiptohanon
binigyan,sang
dahil,sa
ilog,ang
lalaking,nga
itatapon,sa
pagkatapos,ang
hayaan,sa
ipanganak,sang
nag,nga
humayo,sa
asawa,nga
lipi,ni
nanganak,nga
maganda,nga
itinago,sa
tatlong,ka
buwan,sa
makita,nga
naglihi,nga
yari,nga
inilagay,sa
bata,ang
talahiban,sa
alkitran,sa
basket,sa
papiro,papyrus
betun,sa
pa,ang
isinilid,papyrus
pinahiran,ang
maitago,papyrus
ikinuha,papyrus
roon,nga
tabi,sa
mangyayari,sa
malayo,sa
malaman,sa
tumayo,sa
alalay,magpaligo
maligo,magpaligo
noon,sa
nakita,nga
naglakad,sa
ipinakuha,magpaligo
lumusong,sa
sanggol,nga
hebreo,sa
umiyak,sa
buksan,sa
narito,nga
siya,nga
kinaawaan,sa
mag,sa
magkagayo,sa
ako,sa
itawag,sa
alaga,nga
mula,sa
para,nga
ba,sa
iyo,sa
kita,sa
aalaga,sa
tagapag,nga
aalis,sa
tinawag,nga
ka,sa
ina,sa
kinuha,ang
dalhin,sa
mo,sa
akin,sa
uupahan,sa
inalagaan,nga
alagaan,sa
siyang,ang
dinala,sa
tumakas,ang
moises,moises
tubig,ang
midian,midian
pinangalanan,ang
iniahon,gindala
aking,sa
lumaki,nga
patungong,gindala
malaki,sa
binubugbog,kadugo
nagtungo,sa
araw,sa
tao,ang
magkabi,nagpanan
kabilang,sa
buhanginan,nagpanan
tumingin,sa
makitang,sa
walang,nga
pinatay,sa
dako,sa
iyong,sa
naglalaban,hebreo
gumawa,nga
lumabas,ang
masama,ang
dalawang,nga
sumunod,ang
sinasaktan,hebreo
hukom,sa
alam,sa
bilang,nga
iniisip,sa
tiyak,nga
bang,sa
pinuno,sang
inisip,sa
amin,sa
patayin,sa
sinong,sa
pagpatay,sa
nanirahan,sa
balon,sang
kay,ang
mabalitaan,sa
umupo,sa
niyang,nga
ninais,sa
pari,nga
ama,sa
kawan,ang
inuman,sa
painumin,sa
umigib,sa
pitong,ka
ipinagtabuyan,ang
ipinagtanggol,ila
pastol,ang
pinainom,ang
tumindig,nga
nito,nga
reuel,reuel
ngayon,sa
napakadali,nga
iniigib,egiptohanon
kamay,ang
saka,sa
iniligtas,sa
kami,sa
makakain,nga
iniwan,ang
tinapay,nga
saan,nga
naroon,ang
tawagin,ila
ibinigay,nga
makitira,ni
zifora,ni
nasiyahang,ni
manlalakbay,sa
gershom,sa
pinangalanang,nga
ibang,nga
humingi,sa
daing,kag
tulong,sa
nakarating,sa
pagkaraan,sa
maraming,sa
bayang,ang
dumaing,sa
pagkaalipin,sa
kina,kag
narinig,ang
abraham,abraham
isaac,isaac
naalala,ang
tipan,ang
tiningnan,sang
nalaman,nga
kalagayan,sa
ilang,sa
kabila,nga
jetro,si
horeb,sa
pinatnubayan,sa
biyenan,ang
bundok,sa
inaalagaan,sa
nagmasid,sa
panginoon,sa
gitna,sa
punungkahoy,nga
mababang,sa
nagliliyab,sa
apoy,nga
nasusunog,nagakasunog
nagpakita,sa
anghel,sa
ningas,sa
dakilang,nga
pupunta,kag
ko,sa
panooring,ngaa
itong,nga
titingnan,nga
sumagot,nga
pumunta,sa
dakong,nga
lupa,sa
lumapit,sa
huwag,indi
banal,nga
sandalyas,sandalyas
hubarin,nagsiling
kinatatayuan,magpalapit
dito,nga
kang,sa
paa,nga
nagtakip,imo
sinugo,sa
mukha,sa
pagdurusa,nabatian
umaapi,nabatian
talagang,sa
nalalaman,sa
paghihirap,sa
malawak,ila
perezeo,periznon
bumaba,sa
dinadaluyan,sa
pulot,sa
mabuting,nga
iligtas,sa
gatas,sa
cananeo,kag
jebuseo,amornon
amoreo,amornon
lupaing,nga
lugar,sa
heteo,hithanon
heveo,hivhanon
rin,sa
pang,sa
aapi,nabatian
ilabas,sa
ikaw,sa
susuguin,nga
halika,sa
pumaroon,sa
sino,o
nailabas,amo
sasambahin,dios
tanda,sa
magiging,nga
makakasama,sa
sasabihin,ang
ninuno,sa
pagdating,ang
ano,ang
anong,ang
inyong,sa
inyo,sa
nga,sa
ganito,ang
magpakailanman,nga
lahi,sa
itatawag,sa
tipunin,sa
nina,kag
kayo,sa
tunay,ang
ginagawa,sa
dinalaw,sa
nagsasabi,sa
sabihin,sa
matatanda,kag
kapighatian,ako
dadalhin,sa
aalisin,ang
naming,sa
maglakbay,sa
ngayo,nga
pahintulutan,sa
nakipagtagpo,sa
tinig,ang
nais,ang
papakinggan,sa
makapaghandog,sa
makapangyarihang,sa
papahintulutan,ko
maliban,lang
kababalaghan,sa
iuunat,sa
sasaktan,sa
niyon,nga
kayong,sa
kong,nga
gagawin,ang
paningin,sa
biyaya,sa
pagkakalooban,maglakat
dala,sa
alis,sa
pag,sa
hihingi,ila
pilak,sa
sasamsaman,ila
bahay,sa
dayuhan,sa
ipapasuot,ila
hiyas,ila
ginto,nga
kapwa,ang
damit,nga
papaniwalaan,sa
nagsabi,nga
man,nga
o,nga
naman,nga
iyang,sa
tungkod,sa
inihagis,sa
ahas,ang
lumayo,ang
ihagis,sa
iniunat,sa
hinawakan,ang
hawakan,sa
buntot,sa
iunat,sa
maniwala,sa
nangyari,sa
parang,nga
dibdib,sa
niyebe,imo
ketongin,sa
ipasok,imo
maputing,ang
ipinasok,sa
iba,sa
muling,ang
nanumbalik,imo
uli,nga
laman,sa
unang,nga
paniniwalaan,sa
makinig,sa
huling,sa
nilo,suba
kukunin,kag
tuyong,sa
kukuha,nga
ibubuhos,sa
dugo,sa
tandang,sa
mahusay,nga
magsalita,sa
dila,sa
pananalita,sa
umid,sa
kahit,sa
lingkod,sa
makupad,sa
akong,nga
bulag,sa
pipi,sa
bingi,sa
gumagawa,ang
bibig,sa
ituturo,sa
sasaiyong,sa
suguin,kon
salubungin,sa
wala,sa
levita,sa
aaron,aaron
mong,sa
galit,sa
alab,sa
dumarating,sa
pagkakita,sa
puso,ang
laban,sa
nakakapagsalitang,naakig
matutuwa,naakig
salita,ang
ilalagay,sa
magsasalita,ang
sasakanyang,sa
tagapagsalita,sa
gagamitin,sa
nagbalik,sa
buháy,nga
payapa,nga
bumalik,sa
nagtatangka,magpatay
patay,ang
pinasakay,gindala
asno,asno
isinama,ang
ipinagkatiwala,sa
papayagang,sa
papatigasin,sa
pagkabalik,sa
gawin,sa
harap,sa
panganay,ang
sabi,ang
ayaw,sa
paalisin,ang
sinasabi,ang
makasamba,sa
sinalubong,mga
pinagpalipasan,bana
daan,ang
gabi,ang
tinangka,bana
kapistahan,sa
magdiwang,sa
papahintulutang,sa
namin,sa
darating,sa
salot,ang
kaming,nga
tabak,sa
ipinapakiusap,sa
alay,sa
inilalayo,ila
pahirap,nga
dinagdagan,nga
pinapapagpahinga,nga
ding,nga
kapatas,sa
dati,ang
dayami,nga
magtipon,sa
sarili,sa
bibigyan,sa
tamad,amo
aming,sa
babawasin,amo
dumadaing,sa
maghandog,sa
dating,ang
iaatang,sa
pabigatin,sing
kabulaanang,sing
pansinin,sing
pagpagalan,sing
kumuha,sang
kaunti,ang
makakakita,nga
mismo,ang
trigo,ang
naghiwa,sa
hiwalay,sa
pinagputulan,sa
panghalili,sa
maghanap,sa
gawa,nga
tapusin,sa
pinagmamadali,amo
mayroon,nga
itinalaga,sa
tinapos,sa
kahapon,sa
hinampas,sa
tinanong,sa
ginaganito,amo
alipin,nga
naparoon,sa
ibinibigay,nga
dayaming,amo
sariling,nga
hinahampas,amo
kasalanan,sa
gayunma,ang
gayunding,amo
nawawalan,amo
ibibigay,sa
loob,sa
magtrabaho,amo
napasama,ila
anuman,sa
mababawas,ila
makatagpo,sa
naghihintay,ila
pagkagaling,ila
hatulan,naakig
nawa,ang
katayuan,naakig
mata,ang
nakakamuhi,naakig
ginawan,ang
isinugo,ila
kasamaan,sa
lamang,sa
makikita,ang
paaalisin,sa
palalayasin,sa
pangalang,nga
nagpakilala,ila
makapangyarihan,sa
itinatag,nga
nakipanirahan,ila
canaan,canaan
bukod,sa
inaalipin,nabatian
ilalim,sa
ilalabas,kag
pasanin,ang
tutubusin,ang
hahanguin,amo
nakaunat,amo
kahatulan,sa
nagpalaya,amo
malalaman,nga
pagpapahirap,amo
aariing,amo
ipinangakong,amo
pamana,sa
nakinig,sa
gayon,sa
panlulupaypay,ila
pumasok,sa
pahintulutang,ang
di,ang
ngang,nga
paano,sa
makikinig,sa
tungkol,sa
pinagbilinan,kag
carmi,anak
angkan,ang
hanoc,anak
puno,ang
hesron,anak
fallu,anak
jakin,sa
jamin,sa
shaul,sa
jemuel,sa
taga,sa
ohad,sa
zohar,anak
tatlumpu,nga
taon,tuig
merari,anak
kohat,anak
gershon,anak
ayon,ang
salinlahi,sa
shimei,amo
kani,ang
libni,amo
hebron,hebron
izar,amo
uziel,anak
amram,amo
mahli,amo
musi,amo
ipinanganak,nga
jokebed,amo
kora,ni
zicri,amo
nefeg,amo
elzafan,ni
misael,ni
sitri,amo
eleazar,eleazar
eliseba,amo
abihu,ang
naashon,amo
nadab,ang
aminadab,amo
itamar,nga
korahita,amo
elkana,amo
abiasaf,amo
asir,amo
nakapag,amo
ulo,ang
finehas,amo
putiel,amo
hukbo,sang
yamang,sa
propeta,sa
iniuutos,ang
pararamihin,ang
lupang,ang
ipapatong,ang
paghatol,sa
inilabas,sa
walumpu,tuig
walumpung,sing
usap,sa
gulang,tuig
makipag,sa
patunayan,imo
maging,nga
kunin,nga
manggagaway,ila
gayundin,nga
kaalaman,sa
lihim,ila
pantas,sa
salamangkero,sa
nilamon,ang
pinakinggan,ang
pinagmatigas,ang
nagmatigas,ang
nagmamatigas,pagpalakton
patungo,sa
kinaumagahan,sa
harapin,sa
tinutupad,hebreo
payagan,sa
hanggang,nga
makikilala,amo
hahampasin,sa
uminom,kag
babaho,magabaho
mandidiring,magabaho
mamamatay,ang
isda,kag
magkakaroon,sa
lawa,sapa
tipunan,amo
kahoy,nga
bambang,sapa
sisidlang,sa
bato,sang
itinaas,sa
bumaho,ang
makainom,mga
pakinggan,ang
umuwi,sa
tumalikod,sa
mainom,sa
makakuha,nagkutkot
humukay,nga
palibot,sa
maiinom,ang
lumipas,pito
hampasin,aaron
sasalutin,pagpalakton
palaka,paka
tulugan,sa
higaan,sa
hurno,sa
papasok,ang
aahon,sa
mapupuno,sa
masahan,sa
aakyatin,nga
magpaahon,sapa
hawak,sa
tinakpan,sa
ahunan,sa
nagpaahon,ila
karunungan,sa
alisin,sa
pakiusapan,kamo
makikiusap,amo
maalis,ang
pakisabi,amo
kailan,sa
manatili,ang
bukas,nga
tulad,sa
mananatili,ang
harapan,sa
nanawagan,sa
kabukiran,ni
looban,sa
bunton,kag
buntun,ila
tinipon,sang
langaw,ang
dininig,ang
sandaling,ang
ginhawa,ang
kuto,ang
alabok,sa
hayop,nga
nagawa,nga
nagsikap,ila
magpalabas,ila
daliri,sa
bumangon,sa
maaga,sa
kinaroroonan,sa
pulu,sa
pulutong,sa
magsusugo,sa
ibubukod,sa
goshen,sa
magkaroon,sa
tinitirhan,sa
doon,sa
lalagyan,sa
pagkakaiba,sa
kinabukasan,sa
nasira,ang
karumaldumal,nga
handog,nga
ihahandog,sa
tama,sa
babatuhin,ang
iaalay,sa
uutos,sa
maghahandog,sang
paglalakbay,sa
ipag,sa
hahayo,sa
masyadong,sa
lalayo,sa
idalangin,sa
papayagan,kamo
hihilingin,sa
muli,ang
pagkaalis,sa
pagpayag,sa
mandaya,sa
nanalangin,sa
natira,sa
inalis,ang
pinayagang,pagpalakta
pinatigas,ginpatig
puntahan,sa
tatanggihan,gani
pipigilin,pagpalakton
kamelyo,kamelyo
kabayo,sa
magbibigay,sa
matinding,sa
mamatay,sa
gagawa,nga
nauukol,pagtratar
panahon,nga
nagtakda,nga
israelita,sa
nagsugo,sa
pigsa,sa
himpapawid,sa
isaboy,sa
dumakot,sa
abo,sa
dakot,sa
susugat,sa
pigsang,sa
pinong,nga
sumusugat,sa
isinaboy,sa
makatayo,egiptohanon
nagkapigsa,egiptohanon
daigdig,sa
sana,sa
dalhan,sa
maaari,ang
nawala,sa
maipakita,sa
kapangyarihan,sa
binuhay,sa
layuning,sa
mahayag,nga
nagmamalaki,maglakat
oras,sa
ulan,ang
yelong,ang
itatag,amo
ganitong,nga
mabibigat,sa
kailanma,sa
magpapabagsak,amo
maabutan,sa
aari,nga
magsugo,sa
maisilong,sa
ipasilong,sa
babagsakan,sa
nagpauwi,ila
nagwalang,ila
pinabayaan,ila
bahala,ila
langit,ang
paharap,sa
halaman,sa
babagsak,sa
yelo,sa
kulog,ang
bumagsak,sa
nagpaulan,ang
nagpadala,ang
kailanman,ang
gayo,ang
bansa,mga
gayong,ang
napakabigat,ang
sumisiklab,amo
binagsakan,sa
binali,sa
pati,ang
nagkasala,sa
pagkakataong,sa
samantalang,kag
matuwid,ang
sapat,ang
titigil,sa
pagkalabas,sa
panginoong,nga
natatakot,imo
uuhay,barley
lino,nga
namumulaklak,barley
sebada,ang
espelta,pa
tumutubo,ang
tumigil,sang
bumuhos,sa
pandinig,sa
maisalaysay,amo
pinuntahan,sa
tatangging,amo
magpakumbaba,sa
magdadala,sang
balang,sang
kakainin,nga
ibabaw,nga
tatakpan,sa
naiwan,ang
nilisan,imo
mapasa,sa
magulang,sa
iyan,ang
nauunawaan,ila
makapaglingkod,sa
bitag,sa
wasak,sa
maglingkod,sa
sinu,ang
pinabalik,sa
kailangang,sa
pista,sa
sumainyo,kamo
maliliit,kamo
masamang,nga
binabalak,ang
sumamba,sa
kalalakihan,sa
maaaring,nga
hinihingi,amo
kainin,nga
nagpahihip,sa
hanging,sa
amihan,sa
umaga,nga
dumagsa,sa
totoong,sa
lumapag,sa
hangganan,sa
napakakapal,sa
anumang,nga
natirang,sa
bunga,sa
sariwang,sa
nagdilim,sa
kinain,nga
nagmamadaling,sa
ilayo,sa
ipatawad,sa
nakakamatay,sa
hilingin,sa
nakiusap,ang
habagat,nakatundan
tumangay,nakatundan
dagat,ang
itinaboy,sa
pula,nga
nasasakupan,sa
kadiliman,ang
mararamdaman,imo
kadilimang,imo
magdilim,imo
makapal,sa
tirahan,sa
sinuman,nga
liwanag,ang
magkakitaan,ila
isama,sa
iwan,sa
maihandog,sa
dapat,nga
magbigay,sa
sinusunog,nga
pumili,sa
pagsamba,sa
maiiwan,sa
isasama,sa
ilan,sa
tiyakin,sa
papalayo,nga
itataboy,nakasiling
pumayag,ang
alahas,ila
dakila,ang
hatinggabi,amo
lalabas,sa
trono,amo
likuran,sa
nakaupo,sa
gilingan,amo
aliping,nga
panaghoy,sa
aso,sa
uungol,egiptohanon
naglalagay,egiptohanon
sumusunod,sa
yuyukod,sa
dudulog,sa
pinahintulutan,ang
kababalaghang,sa
pasimula,sang
buwang,sa
ikasampung,sang
kapulungan,sa
kordero,sa
pagbilang,sa
kapitbahay,ila
magsasalu,ila
napakaliit,ila
malapit,nga
salo,ila
kambing,nga
kapintasan,nga
tupa,nga
iingatan,nga
ikalabing,sa
paglubog,ang
apat,nga
kapisanan,sa
kakainan,kamo
haligi,ang
pinto,ang
itaas,ang
pintuan,sa
gulay,amo
mapapait,amo
pampaalsa,nga
inihaw,ang
gabing,i
hilaw,hilaw
pinakuluan,hilaw
kakaining,hilaw
susunugin,sa
matitira,kag
magtitira,kag
bigkis,sa
baywang,amo
paraan,nga
dali,sa
paskuwa,sa
nakasuot,amo
ilalapat,sa
pupuksain,sa
dadaan,amo
hatol,sa
pinuksa,amo
lalampasan,sa
papatay,kamo
tuntunin,nga
alaala,sa
ipagdiriwang,sa
kumain,nga
kakain,sang
sinumang,ang
ititiwalag,nga
ikapitong,sa
din,ang
ihanda,sa
pagtitipon,sa
nararapat,sa
ipapangilin,nga
ikadalawampu,sa
matatagpuang,ang
banyaga,sa
magpatay,sa
inyu,sa
palanggana,sa
dugong,sa
ilubog,sa
pahiran,sa
isopo,ang
daraan,sa
pintong,egiptohanon
hahayaang,egiptohanon
mamumuksa,egiptohanon
ipinangako,sa
tutuparin,ang
ibig,ang
itinanong,inyo
pagdiriwang,kag
paghahandog,sa
nagyukod,amo
nilampasan,amo
nilipol,ginsugo
bilangguan,sa
pagsapit,i
bihag,amo
sambahin,sa
maghanda,sa
pagpalain,nga
madaliang,ila
pinapagmadali,sa
pinaalis,sa
masa,gindala
balikat,nga
harina,sa
ipinasan,sa
nakabalot,sa
nilagyan,sa
minasang,gindala
sinamsaman,ila
hingin,sa
naglakbay,sa
libong,sa
animnaraang,sa
sucot,sa
umahon,nga
napakaraming,ang
makapaghintay,gindala
makapaghanda,gindala
niluto,sa
pagkain,sa
tatlumpung,ka
apatnaraan,ka
katapusan,sang
ipangingilin,ila
pagbabantay,sa
salapi,sa
binili,nga
tuli,ang
upahan,nga
alilang,nga
babaliin,sa
buto,sa
labas,ang
maninirahang,sa
tutuliin,ang
mangingilin,sa
makakakain,nga
makakalapit,sa
makakapangilin,sa
iisa,nga
kautusan,sa
dayuhang,sa
naninirahang,sa
italaga,sa
nagbubukas,kamagulangan
lakas,ang
alalahanin,sa
abib,sa
pangingilin,sa
makakita,sa
pagitan,sa
magsisilbing,sa
sumaiyong,sa
ingatan,sa
takdang,sa
taun,sa
pagtatalaga,sa
tuntuning,sa
pagkabigay,sa
leeg,ang
tayo,kita
nagtanong,sa
panahong,sa
inihahandog,sa
magmatigas,amo
payagang,amo
tinutubos,amo
bagaman,nga
filisteo,mga
daang,ang
nakakita,nga
magbalikan,amo
magsisi,amo
pakikipaglaban,sa
handa,sa
paikot,sa
pansin,gindala
pinapanumpa,gindala
bibigyang,gindala
rito,sa
mahigpit,sa
etam,etam
humimpil,sa
tanglawan,ila
haliging,nga
nangunguna,ila
patnubayan,ila
makapaglakad,ila
ulap,sa
unahan,kag
tapat,sa
pihahirot,sa
zefon,sa
hihimpil,sa
baal,sa
migdol,sa
nagkabuhul,sa
buhol,sa
nakukulong,sa
hahabulin,mga
pararangalan,ako
hinayaang,sa
mapaglingkuran,sa
masabi,sa
nagbago,sa
tayong,nagsiling
inihanda,kag
karwahe,ang
piling,sang
mamumuno,sa
nagdala,sa
katapangan,faraon
hinabol,mga
lubos,ang
mangangabayo,ang
nakahimpil,amo
inabutan,ila
nakitang,sa
lubhang,ang
tumawag,sa
papalapit,sa
libingan,sa
pabayaan,egiptohanon
magpakatatag,egiptohanon
pagliligtas,sa
matakot,sa
nakikita,sa
masdan,sa
ipaglalaban,sa
manahimik,sa
magpatuloy,sa
tumatawag,sa
makaraan,sa
hawiin,makatabok
sundan,egiptohanon
pagmamatigasin,egiptohanon
buo,sa
karangalan,ang
nakakuha,ako
likod,kag
hulihan,sa
magdamag,sa
lumagay,egiptohanon
nagkalapit,egiptohanon
mayroong,sa
pinaghiwalay,sa
nahawi,sa
ginawang,sa
silangan,ang
pader,sa
gawing,ang
kaliwa,ang
kanan,ang
humabol,ila
kasunod,nga
niligalig,sa
tinunghayan,sa
hirap,ila
nalunod,amo
ikot,amo
bara,amo
takbuhan,sa
gulong,amo
ipinaglalaban,amo
tumabon,ila
uumaga,egiptohanon
lalim,egiptohanon
tumatakas,sa
lumakad,sa
dalampasigan,sa
sumampalataya,sa
nakasakay,sa
maluwalhating,sa
inawit,sa
awit,sa
nagtagumpay,sa
doo,sa
aawit,sa
kalakasan,sa
kaligtasan,amo
itataas,sa
pupurihin,ang
mandirigma,kag
inilubog,sa
itinapon,sa
lumubog,sa
tumatabon,sa
kalaliman,sa
dumudurog,imo
kanang,ang
maluwalhati,imo
ibinubuwal,amo
ipinapakita,amo
karilagan,amo
bumabangon,amo
nililipol,amo
kadakilaan,imo
hihip,pader
ilong,sa
namuo,pader
tumayong,sa
natipon,sa
agos,sa
bubunutin,ila
lilipulin,ang
masisiyahan,ila
samsam,ang
hahatiin,ang
aabutan,ila
tinabunan,sa
humihip,sa
hangin,sa
karagatan,sa
tingga,sa
kabanalan,sa
nakakasindak,sa
maluluwalhating,sa
tinubos,ginluwas
inihatid,sa
wagas,sa
tahanan,sa
filistia,sa
nanginig,sa
kumapit,sa
sakit,ang
naupos,moab
nagimbal,moab
edom,edom
sumakmal,moab
panginginig,moab
moab,moab
matatapang,moab
batong,nga
panghihilakbot,sa
sindak,ang
umabot,sa
makakilos,sa
bisig,sa
papapasukin,imo
ari,ang
itatanim,imo
arian,ang
santuwaryo,ang
magpakailanpaman,sing
maghahari,sa
pinanunumbalik,sa
nangangabayo,ang
pandereta,propeta
miriam,sa
nagsayawan,propeta
humawak,propeta
umawit,ila
inawitan,ila
shur,sa
mara,sa
patuloy,sa
nakatagpo,sa
pinangunahan,gindala
mapait,sa
iinumin,tungod
nagreklamo,moises
batas,nga
sinubok,sa
itinuro,ila
tumamis,ila
utos,sa
nagpapagaling,egiptohanon
susundin,akon
tiyaga,egiptohanon
diringgin,sa
karamdaman,sa
palma,sa
elim,sa
bukal,tuburan
labindalawang,sa
ikalawang,nga
sinai,sa
ikalabinlimang,sa
sin,sa
palayok,sa
maupo,gindala
gutom,nga
karne,makakaon
mabusog,sa
kapulungang,gindala
lalakad,sa
pauulanan,sa
bahagi,nga
mamumulot,sa
masubok,sa
pinupulot,sa
maghahanda,sa
dami,ang
doble,sa
ikaanim,nga
naglabas,sa
naririnig,sang
kaluwalhatian,nga
pagrereklamo,nabatian
nagrereklamo,nabatian
makakabusog,nabatian
pagkaing,sa
karneng,nabatian
reklamo,nabatian
lumitaw,sa
pugo,ang
manna,nga
magpapakabusog,amo
ipinagkaloob,dios
sumapit,ila
hamog,ang
nakalatag,sa
kampo,sa
kasinliit,tun
namuong,tun
pumaitaas,ang
munting,sa
bilog,tun
tolda,sa
omer,ka
kailangan,ang
pumulot,gantang
namulot,diutay
sukatin,gantang
kinulang,gantang
lumabis,may
magtira,ila
nagalit,sa
pamumulot,naakig
inuod,naakig
nagtira,naakig
namumulot,nagakatunaw
natutunaw,nagakatunaw
tuwing,sa
umiinit,nagakatunaw
pakuluan,sa
lutuin,ila
lalabis,ila
sabbath,sa
itago,ila
ititira,ila
pagpapahinga,sa
pakukuluan,sa
taimtim,sa
lulutuin,sa
uod,ila
anim,ka
mamulot,manguha
natagpuan,sa
tatanggihang,pagpanudlo
tuparin,ang
nagpahinga,sa
manipis,sa
lasa,sa
maputi,sa
kulantro,sa
itatago,amo
magtabi,amo
ipinakain,amo
lagyan,sa
ilagay,sa
maingatan,sa
punô,sa
paanong,sa
apatnapung,ka
matitirahan,amo
efa,nga
refidim,sa
nilakbay,sa
nagkampo,sa
nakikipagtalo,ako
bigyan,sang
sinusubok,ako
nakipagtalo,ang
uhaw,ila
nauhaw,ila
kulang,ang
batuhin,sa
ipinalo,kuhaa
dumaan,sa
tatayo,sa
bubukalan,sa
pakikipagtalo,sa
kalagitnaan,sa
amalek,mga
massah,sa
meriba,sa
nakipaglaban,sa
taluktok,kag
josue,josue
burol,sa
hur,sa
umakyat,sa
tuktok,sa
nananalo,ni
ibinababa,ni
itinataas,ni
panig,sa
ibaba,sa
inupuan,sa
nangalay,amo
nanatili,sa
inalalayan,amo
talim,ni
nilupig,ang
buburahin,sa
lubusang,sa
isulat,sa
aklat,sa
basahin,sa
watawat,sa
dambana,halaran
nagtayo,sang
makikipagdigma,ila
susunod,ang
nakabalita,nabatian
dalawa,sa
saklolo,amo
eliezer,amo
ipinasabi,siya
biyenang,kay
naparito,ang
hinalikan,ang
niyukuran,sa
nagtanungan,sa
alang,ang
naranasan,ila
isinalaysay,sa
kabutihang,sa
ikinagalak,ila
nagligtas,ila
purihin,sa
magpalalo,ila
pinayuhan,sa
kasalo,sa
naupo,sa
nakatayo,sa
nauupo,sa
sumangguni,sa
lumalapit,sang
usapin,sa
hinahatulan,ila
ipinaaalam,ila
manghihina,imo
makakayang,imo
payo,sa
sumaiyo,ila
kinatawan,ila
ipapaalam,ila
lakaran,dios
gawang,sa
mamuno,sa
lima,sang
takot,sa
napopoot,sa
libu,sa
limampu,sa
sampu,nga
suhol,sa
pipili,sa
libo,sa
kakayahan,nga
mapagkakatiwalaan,sa
magpapasiya,mag
humatol,sa
magpapasan,sa
madali,sa
malaking,nga
uuwing,amo
makakatagal,amo
nagpapasiya,sa
dinadala,sa
pinayagan,ni
ikatlong,nga
makaalis,sa
tungo,sa
pakpak,ang
inilapit,sa
agila,ang
salitang,sa
kaharian,ang
ipinahayag,sa
iniulat,ginsugo
nagkaisang,ginsugo
marinig,sa
nakikipag,sa
paniwalaan,sa
kasuotan,nga
labhan,iya
humanda,sa
bababa,sa
ingat,sa
humipo,ang
papanain,sa
tumunog,sa
hihipo,sa
tambuli,sa
aakyat,sa
mahaba,sa
nilabhan,sa
pinabanal,ila
lalapit,ang
kumidlat,sa
tunog,sa
kumulog,sa
trumpeta,sa
katagpuin,gindala
paanan,sa
nabalot,nagtay
nayanig,nagtay
pumailanglang,nagtay
usok,sa
sinagot,pa
papalakas,pa
balaan,ila
panoorin,ila
lumampas,sa
makapagpigil,pari
pabanalin,ila
makakaakyat,sa
nagbilin,sa
ariing,sa
palampasin,sa
binigkas,ang
kawangis,dagway
inukit,dagway
larawan,sa
ikaapat,sa
paglingkuran,ila
mapanibughuin,sa
yuyukuran,ila
pinarurusahan,ila
ikatlo,sa
pinagpapakitaan,sa
umiibig,sa
tumutupad,sa
pawawalang,ang
kabuluhan,ang
sala,ang
babanggitin,magasilot
gumagamit,magasilot
naroroon,sa
binasbasan,ang
humaba,sing
igalang,sing
mangangalunya,magpanginlalaki
magnanakaw,sa
sinungaling,sing
saksi,sing
iimbutin,sa
kidlat,sa
umuusok,sa
masaksihan,sa
pagsalitain,sa
magkasala,sa
subukin,sa
idolo,diin
altar,diin
nakipag,sa
iaagapay,kaupod
dambanang,sa
pangkapayapaan,sa
pagpapalain,ang
ipapaalala,sa
nilapastangan,sa
itatayo,sa
igagawa,nga
tapyas,sa
patalim,sang
gamitin,sa
baytang,mabihangan
kahubaran,nga
igagawad,amo
pananagutan,sa
bumili,sa
maglilingkod,sa
ikapito,hebreo
malaya,sa
amo,sang
nagkaanak,ang
maliwanag,mahilway
mahal,kon
pambutas,sa
habambuhay,sa
tainga,ang
bubutasan,sa
ipagbili,ang
kinalugdan,amo
umangkin,amo
ipapatubos,amo
karapatang,sa
pinakitunguhan,amo
malayang,bilang
papakitunguhan,sa
karapatan,sa
babawasan,ang
bayad,sa
itinubos,sa
pananakit,sa
manakit,dapat
pagsalang,dapat
ipaglalaan,sa
sinasadya,sa
nakamatay,pero
naghulog,sa
pataksil,magpalapit
magbalak,magpalapit
magnakaw,dapat
matagpuan,ang
magmura,sa
away,ang
sinaktan,ang
naratay,ginlampusan
makalakad,makalakat
ligtas,makalakat
babayaran,sa
makabangon,makalakat
nasayang,makalakat
ipapagamot,makalakat
nanakit,ang
parusa,sa
parurusahan,kag
saktan,babayi
tumagal,ka
pinsalang,sa
magbabayad,sa
makasakit,bana
ipasiya,bana
pagbabayarin,bana
makunan,bana
anupa,ang
nagdadalang,sa
nakasakit,bana
ngipin,ang
pasò,nabagrasan
sugat,kag
hagupit,nabagrasan
papalayain,sa
mabulag,sa
matumbasan,sa
palalayain,sa
bungian,sa
suwagin,baka
naisumbong,baka
nanunuwag,baka
ikinulong,baka
atangan,bayaran
pantubos,sa
iniatang,bayaran
kahatulang,amo
siklong,ang
huhukay,nagkutkot
mahulog,nagkutkot
iwanang,nagkutkot
paghahatian,ang
bakang,nga
ipagbibili,ang
halaga,ang
manunuwag,sa
limang,nga
maisauli,sa
pagnanakaw,sa
pagsasauli,sa
mahuling,akto
nakapatay,akto
ikinamatay,akto
pumapasok,sa
sikatan,sa
ninakaw,sa
matagpuang,sa
magsasauli,ang
magpastol,sa
pinakamainam,sa
manginain,sa
pakawalan,sa
ubasan,ang
tinik,sa
uhay,nga
masunog,sa
mandala,sa
nagpaningas,sa
magningas,sa
magpatago,kaingod
pinakialaman,sa
ipakita,sa
pagsuway,sa
magsabi,ila
hinuli,kaingod
nasaktan,kaingod
nakakakitang,kaingod
maghabilin,kaingod
pagsumpa,sa
sumpa,sa
mamamagitan,sa
tatanggapin,sa
isasauli,sa
nilapa,ang
katibayan,ang
kaharap,sa
humiram,kaingod
inupahan,sa
upa,ang
sari,sa
saring,sa
sipingan,sa
akitin,sa
gagawing,ang
naipagkakasundong,sa
dalaga,sa
dote,sa
tumutol,amo
katumbas,sa
ibigay,sa
mangkukulam,ang
sumiping,nga
alinmang,nga
aapihin,kamo
pahihirapan,sa
balo,kag
ulila,ang
aalab,sa
poot,sa
magpautang,sa
kaninuman,sa
dukhang,sa
tubo,sa
papatungan,sa
tagapagpautang,sa
sangla,sa
katawan,sa
pantakip,sa
ipapantulog,amo
mahabagin,amo
saplot,amo
lalaitin,sa
lalapastanganin,sa
ani,sa
ipagpapaliban,sa
pisaan,sa
umagos,sa
ikawalong,sa
mababangis,sa
balita,sa
hangarin,magbulig
makikipagkapit,magbulig
magkakalat,magbulig
saksing,magbulig
patotoo,sa
katarungan,sa
baluktutin,sa
kumakampi,sa
papanigan,ila
ring,ang
dukha,ang
nakawala,sa
ibabalik,sa
buhatin,sa
nakalugmok,sa
iiwan,sa
pasan,nga
tulungan,sa
babaluktutin,ila
katarungang,ila
maling,mag
layuan,mag
paratang,mag
bumubulag,inosente
sinisira,inosente
tatanggap,sa
hahasikan,sa
aanihin,kag
taniman,amo
olibo,sa
pagpahingahin,amo
hayaang,sa
tiwangwang,amo
magpapahinga,sa
makapagpahinga,sa
banggitin,sa
magdiriwang,sa
beses,sa
pagpapagal,sauluga
aani,sang
inaani,sauluga
inihasik,sauluga
ulit,ka
haharap,sa
kasabay,kaupod
taba,sang
pangakong,sa
pagpasok,sa
pinakauna,sa
isinusugo,ginpreparar
patatawarin,sa
dinggin,sa
maghimagsik,sa
kalaban,sa
wawasakin,sa
dudurugin,handumanan
lulubusin,sing
baog,as
makukunan,sing
paroroonan,pasalasalahon
lilituhin,pasalasalahon
patatalikurin,pasalasalahon
putakti,canaanhon
magpapalayas,canaanhon
magsidami,amo
papalayasin,nga
manahin,ko
unti,ko
nananahan,amo
eufrates,amo
makikipagtipan,sa
diyus,mga
diyosan,mga
manirahan,sa
pitumpu,ka
isinulat,sa
kabataang,sa
kalahati,ang
iwinisik,sa
binasa,ginbasa
masunurin,ginbasa
tuntungan,sa
kaliwanagan,sa
zafiro,sa
ipinatong,ang
maituro,pagpanudlo
maghintay,sa
hintayin,ila
magdala,sa
tanggapin,nga
nagkukusang,amo
tanso,nga
hinabing,nga
kulay,sang
balahibo,sa
lanang,pula
ube,granate
asul,sang
kinulayan,ginlugom
balat,sang
akasya,akasya
mabangong,nga
langis,nga
pampabango,nga
ilawan,sang
pampahid,nga
insenso,insenso
efod,nga
pektoral,sa
onix,onix
igawa,sa
makapanirahan,diin
kaban,ang
anyong,sa
huwaran,sa
kasangkapan,ang
ipinakita,imo
tabernakulo,tolda
haba,ka
luwang,ang
siko,ang
taas,kataason
kabang,kataason
babalutin,sang
lantay,sa
moldeng,puro
argolya,sulosingsing
bubuo,sa
argolyang,sa
tagiliran,sang
pasanang,nga
pasanan,sang
mabuhat,sa
isusuot,ang
awa,sang
luklukan,sang
kerubin,nga
pagpitpit,dapat
dulo,nga
tabing,ang
sampung,ka
pagkakaburda,sa
magkakapareho,kada
sukat,kada
dalawampu,ka
walong,ka
pagkakabit,sa
kabitin,sa
silo,ka
pangkat,ang
gilid,sang
magkakatapat,nagaatubangay
limampung,ka
kawit,it
pagkakabitin,nga
labing,ka
ititiklop,amo
ikakabit,ka
nalalabi,sa
bahaging,sa
ilalaylay,sa
takpan,sa
tabla,sa
biga,nga
patayong,nga
mitsa,sa
dalawampung,nga
timog,sa
ukol,sa
nitong,nga
patungang,sa
patungan,sa
hilaga,sang
kanluran,sang
sulok,sa
magkahiwalay,sa
magkarugtong,sa
gitnang,nga
kakabitan,amo
gagamitan,amo
planong,sa
nakapatong,sa
isasabit,sa
balot,sa
kabanal,sa
paghihiwalayin,sa
banalan,sa
ipapasok,ang
hapag,ang
telang,nga
mambuburda,sa
parisukat,ang
sungay,sa
kakabit,sa
pala,sa
kasangkapa,sa
pantusok,sa
lambat,sa
nilambat,parilyahan
parilyang,parilyahan
tila,parilyahan
kalahatian,ibabaw
malagay,sang
binubuhat,sa
guwang,guhab
bulwagan,ang
baras,sa
sabitan,amo
isandaang,sang
labinlimang,ang
tela,sa
tulos,ang
palaging,sa
dalisay,ang
binayong,sa
iuutos,ang
sindi,sa
toldang,sa
aayusin,mga
tipanan,sa
hapon,sa
ilapit,sa
kagandahan,para
pagkapari,sa
kasanayan,sa
pinagkalooban,sa
pamigkis,nga
tunika,ang
turbante,sa
balabal,nga
kasuotang,ang
guhit,ang
tinahing,amo
gagamit,ila
bihasang,maayo
manggagawa,nga
nakakabit,sa
magkadugtong,sa
pambalikat,sa
ibigkis,hilo
kagamitan,hilo
pagkagawa,sang
iuukit,nga
natitira,kag
kapanganakan,sa
ukit,sa
pantatak,sa
kukulungin,nga
uukit,nga
enggasteng,nga
mang,nga
papasanin,sa
tanikalang,sa
pinilipit,bulobulsa
nilubid,bulobulsa
lubid,ang
enggaste,sa
tanikala,sa
dangkal,bulobulsa
nakatiklop,bulobulsa
maglalagay,ang
topacio,kubay
hanay,sa
sardio,kubay
karbungko,kubay
esmeralda,kubay
diamante,kubay
ametista,ikatatlo
jacinto,ikatatlo
agata,ikatatlo
gintong,bulawan
pawang,sa
nakalagay,sa
berilo,jasper
jaspe,jasper
singsing,sang
kabaligtaran,sa
laylayan,sa
dugtungan,pa
makalag,sa
taling,sa
mamalagi,sa
itatali,sa
palagi,sa
dadalhing,sa
urim,sa
tumim,sa
purong,puro
mapunit,nga
tupi,dapat
suotan,nga
butas,nga
guyang,sa
toro,sa
harinang,maayo
hinaluan,maayo
bibingkang,manipis
maninipis,manipis
bakol,sa
isisilid,sa
huhugasan,ang
bibigkisan,sa
mainam,sa
korona,sa
pambuhos,kag
bubuhusan,kag
susuotan,anak
mapapasakanila,pari
panghabam,pari
itatalaga,ang
bituka,kuhaa
atay,ang
pangkasalanan,sa
dumi,sa
iwiwisik,sa
piraso,ang
hita,nga
pagpuputul,kag
putulin,kag
samyo,sa
hinlalaki,sa
itinatalaga,amo
tabang,ang
matabang,sa
iwinawagayway,sa
iwawagayway,sa
pinaraan,sa
karagdagan,ila
hitang,sa
pagkamatay,nga
buhusan,ila
kapalit,ang
ilaga,kuhaa
ipinantubos,ila
pakabanalin,sa
nalabi,nga
iginagawa,sa
maitalaga,sa
katubusan,sa
gagawan,sa
pakakabanalin,sa
iisang,ang
tig,edad
alak,sa
inumin,sa
hinalo,sa
hin,sa
halong,imo
butil,nga
pagsusunugan,magpahimo
kaisang,sa
molde,sa
kakatagpuin,ibutang
inaayos,nga
mababangong,sa
ilaw,suga
insensong,sa
sinisindihan,sa
magbubuhos,regalo
pagtubos,sa
tutubos,ang
minsan,sa
magsasagawa,magahalin
binibilang,ila
siklo,ang
gera,sa
kalahating,ang
mapapasama,sa
mapasama,amo
pataas,sa
mayaman,ang
ipantubos,ang
nagbibigay,indi
kaluluwa,sa
salaping,sa
pinakaalaala,ang
ilalaan,ila
palangganang,sa
paghugasan,sa
sisidlan,sa
maghuhugas,dapat
bezaleel,bezalel
katalinuhan,sa
espiritu,sa
pinuspos,sa
disenyo,sa
magdibuho,butang
magagandang,sa
umukit,sa
nililok,sa
nagbigay,nga
ahisamac,sa
itinalagang,ginsugo
aholiab,sa
magawa,ginsugo
kakayahang,sa
lababo,labador
makilala,sa
nagpapabanal,ako
lumapastangan,sa
nagtipon,sa
mangunguna,sa
nagtatagal,sa
pagpanaog,sa
hikaw,ila
guya,ang
panlilok,amo
hinulmang,amo
hinubog,amo
tinanggap,ang
kagamitang,sa
nagpahayag,sa
magkatuwaan,ila
agad,imo
nagpapakasama,sa
hinandugan,amo
lumihis,amo
sinamba,amo
madaling,sa
napakatigas,nagsiling
lipulin,sa
nagsumamo,sa
pinag,sa
iurong,ila
baguhin,ila
mabangis,nga
isip,sa
layunin,ila
kasamaang,sa
binhi,nga
sumumpa,nga
bituin,sa
mamanahin,nga
sinabing,ang
magkabilang,amo
nakasulat,amo
sulat,ang
nakaukit,ang
nagsisigawan,ni
ingay,moises
pagtatagumpay,kadalag
sigaw,nga
pagkatalo,kadalag
umaawit,kadalag
makalapit,sa
pagsasayawan,sa
ibinato,sa
binasag,sa
ipinainom,ila
sinunog,ginsunog
giniling,ila
pulbos,ila
dinalhan,sa
mahilig,kadali
pinarusahan,ila
namang,sa
kahihiyan,sa
nagwawala,ila
magwala,ila
paroo,ila
parito,sa
halos,ila
nabuwal,ila
mamamayan,sang
pagpapala,nga
marahil,sa
matutubos,nga
burahin,ila
patawarin,ila
gayunman,ang
pagpaparusa,ila
pangunahan,ila
yaong,ginsimba
inapo,sa
matigas,sa
pupuntang,sa
balitang,ila
masasamang,sang
tumangis,nagpangasubo
nagsuot,ila
palamuti,alahas
malilipol,sa
sandali,sa
hinubad,ila
magmula,ila
itayo,ang
kinaugalian,magpatindog
lumalabas,sa
pinanonood,ila
makapasok,sa
tumatayo,ila
bumababa,sa
tumitigil,sa
tumitindig,ila
sumasamba,ila
kabataan,sa
umaalis,sa
pakikipag,sa
bumabalik,sa
nun,sa
mukhaan,sa
kaibigan,sa
ipinakilala,ginpahibalo
nakikilala,sa
ituro,sa
bansang,sa
kapahingahan,sang
sasaiyo,sa
sasaakin,sa
paahunin,sa
naiiba,sa
lumalakad,nga
hinihiling,sa
ipahahayag,sa
kabutihan,sa
kaninumang,sa
habag,sa
magpapakita,ang
pagkalooban,sa
magkakaloob,sa
pararaanin,imitlang
kahabagan,sa
bitak,sa
dumaraan,sa
una,sa
isusulat,magbasbas
tumabas,sa
humarap,sa
nagdaan,sa
sagana,sa
mapagpala,sa
magagalitin,sa
puspos,sa
katapatan,sa
nagpapatawad,ila
iingat,ila
ituturing,ang
dinadalaw,ila
nagmadali,kag
itinungo,sa
idinadalangin,sa
babala,sa
mana,kag
ipahintulot,sa
kakilakilabot,sa
nakikipagtipan,sa
pinalalayas,sa
patutunguhan,sa
nakatira,nga
makipagtipan,sa
poste,handumanan
sisirain,ang
sagradong,handumanan
ibubuwal,handumanan
sasamba,sa
aanyaya,ila
naghahandog,halad
magpakasama,amo
asawahin,amo
papag,amo
pasusunurin,amo
pangako,sang
hinulma,dios
pagbubungkal,sa
sanlinggo,sauluga
palalakihin,sa
umaakyat,sa
pagnanasaan,sa
aalay,sa
pinakaunang,sa
nakipagtipan,amo
nagliwanag,sa
nagliliwanag,ang
talukbong,sa
pagkapagsalita,pagkatapos
makalabas,sa
inilalagay,ang
magpapaningas,mag
mapagbigay,maghalad
tupang,nga
pabango,nga
pumarito,sa
takip,sa
pasukan,sang
hugasan,ang
pangangasiwa,ang
pinakilos,sa
napukaw,sa
kalooban,sa
kusang,nga
pulseras,ang
samakatuwid,sa
aspile,gindala
magagamit,sa
nakapaghandog,bilang
naghabi,sa
hinabi,sa
nagpakilos,ila
kahusayan,nga
dibuho,butang
pagputol,sa
mahuhusay,sa
makapagturo,amo
kinasihan,amo
manghahabi,sa
tagakatha,sa
kumakatha,sa
tagaukit,sa
pagtatayo,sa
marurunong,sa
pusong,sa
nagdadala,ginsugo
gawaing,sa
pinigilan,sa
pagdadala,ila
nadala,ila
pulang,ang
kabit,sa
pinagkabit,sa
silong,ka
pinakadulong,mga
pinagdugtong,ang
pagkakadugtong,ka
pagdugtung,kaw
dugtungin,kaw
lambong,sang
nagdudugtong,diladila
iginawa,sa
magkakabit,sa
nauugnay,sa
bigang,sa
pakanluran,nakatundan
binalot,sang
daraanan,ang
naghulma,sa
kapitel,ila
pilete,ila
binalutan,nga
isinuot,ang
tinidor,sa
malalaking,sa
apuyan,sa
parilya,sa
salang,sa
paibaba,sa
umaabot,sa
naglilingkod,ang
hugasang,lagwerta
salamin,lagwerta
panali,sa
tatlo,sa
tiglalabinlimang,22
binurdahan,lagwerta
kasukat,lagwerta
nagamit,sa
kabuuan,ang
metal,sa
pangunguna,amo
alinsunod,amo
paring,nga
siyam,tuig
talento,tuig
ginamit,tuig
pagkayari,sa
pahaba,kaupod
pinukpok,kaupod
kawad,kaupod
pinutol,kaupod
pinanipis,kaupod
itahi,kaupod
kaputol,ginsugo
pinalibutan,sa
ayos,sa
natatakpan,jasper
pagkakakalupkop,jasper
tirintas,bulobulsa
pangkalupkop,sa
ikinabit,sa
pagkayaring,sa
matanggal,ginsugo
itinali,ang
panaling,ginsugo
tahi,may
pinakaleeg,may
granadang,it
palda,it
tatabingan,kasuguan
iaayos,ang
ibibitin,sa
pababanalin,sa
pagbubuhos,ila
itinayo,ang
saligan,amo
inilatag,ginsugo
pantabing,ginsugo
inayos,sa
kurtinang,ginsugo
tinabingan,ginsugo
sinindihan,ginsugo
nagsunog,mahamot
sinidlan,ginsudlan
nagsipaghugas,ila
naghuhugas,nagapanghinaw
iniayos,lagwerta
nagpapatuloy,ila
napapaitaas,ang
naglalakbay,gani
nilikha,sang
kumikilos,sa
anyo,nga
ibinukod,sa
paghiwalayin,magaseparar
kalawakan,sa
nagkakabinhi,sa
namumunga,sa
sibulan,ila
tanim,sa
sinibulan,sa
palatandaan,sa
ihiwalay,adlaw
tanglaw,sa
tumanglaw,kalibutan
maliit,nga
maghari,kamo
nayari,ila
natapos,sa
halamanan,sa
eden,sa
likhain,amo
kasaysayan,amo
nagpapaulan,sa
damo,nga
nagbubungkal,sa
kapatagan,sa
buhat,ang
dinilig,amo
hiningahan,ginoong
nilalang,ang
hininga,sa
pinatubo,ila
pagkaalam,ila
nakakalugod,ang
roo,amo
nahati,amo
diligin,amo
pishon,amo
havila,ang
umaagos,sa
bedelio,puro
doong,nga
cus,ang
gihon,amo
asiria,sa
tigris,ikatatlo
bungkalin,ginoong
pagkakilala,sa
katuwang,kaupod
nababagay,kaupod
ibon,nga
natutulog,ginoong
mahimbing,ang
pinaghilom,ginoong
tadyang,ginoong
pinatulog,ginoong
tatawaging,sa
wakas,sa
iniiwan,amo
nagiging,amo
pumipisan,amo
nahihiya,mahuya
hubad,hublas
tuso,amo
alinman,ang
mailap,sa
hihipuin,sa
mabubuksan,sa
kagaya,sa
nakakakilala,sa
matalino,nga
nasain,bana
pumitas,ang
dahon,ang
igos,dahon
parehong,sa
nagtahi,dahon
panakip,dahon
magkasama,sa
nabuksan,dahon
maghapon,nabatian
nagtago,nabatian
malamig,nabatian
dinaya,ako
naggawad,amo
tiyan,sa
isinumpa,ang
ipanggagapang,ginoong
dudurog,imo
sakong,ang
pagkapoot,imo
paglilihi,bana
pagnanais,bana
manganganak,ang
adan,nga
mabigat,sa
sumpain,sa
dawag,sa
sisibol,sa
pawis,amo
babalik,sa
diyan,sa
nabubuhay,ang
eva,sang
pinalayas,nga
dinamitan,sa
pinagkunan,amo
silanganan,ginoong
umiikot,ginoong
bantayan,ginoong
nagniningas,sa
nakilala,si
cain,cain
magbubungkal,ulihi
abel,nga
paglipas,sa
pinahalagahan,sa
nagngitngit,siya
madaig,imo
aabang,imo
sinabihan,sa
nasaan,nagpamangkot
aywan,nagpamangkot
tagapagbantay,nagpamangkot
ibinuka,imo
sinumpa,imo
pagala,sa
gala,sa
binungkal,sa
palaboy,sa
makakaya,sa
itinataboy,sa
maikukubli,sa
pumatay,nga
gagantihan,magpatay
nod,nagpalayo
enoc,enoc
metusael,mehuel
mehujael,mehuel
lamec,nga
irad,mehuel
ada,ada
zilla,zila
naninirahan,sa
jabal,amo
alpa,amo
jubal,amo
plauta,amo
tumutugtog,amo
bakal,ang
naama,sa
tubal,ang
panday,sa
binata,sa
pagsugat,sa
enos,ang
set,set
ipaghihiganti,ni
kahalili,dios
nagsimulang,sa
lalangin,ang
wangis,sa
isandaan,ka
nabuhay,ang
maipanganak,si
siyamnaraan,edad
kenan,sing
siyamnapung,nga
mahalalel,sing
animnapu,nga
jared,sing
siyamnapu,sa
matusalem,noe
pinili,ang
magaganda,matahom
laging,sa
bantog,sa
higante,sa
makipagtalik,sa
iisip,ila
napakasama,ila
haka,sa
nalungkot,pa
nalumbay,pa
gumagapang,sa
nalulungkot,sa
noe,noe
kapanahunan,sa
noong,sa
ham,ni
sem,ni
jafet,ni
karahasan,sa
pinasama,sa
ipinasiya,noe
lilipuling,sa
wakasan,noe
silid,sa
daong,sa
gofer,noe
sasakyan,ang
bintana,ang
palapag,butangi
baha,sa
magpapadagsa,malaglag
itatatag,sa
sasakay,barko
magsasakay,magpasulod
manatiling,nagalupad
magbaon,sa
imbakin,sa
lahing,noe
sumakay,noe
tigpipito,pito
malinis,nga
panatilihing,sa
magpapaulan,sa
umiwas,noe
humupa,ang
kinalimutan,noe
pinahihip,noe
napigil,ulan
natakpan,ulan
bumabaw,150
ararat,ika
sumadsad,ika
ikalabimpitong,ika
kalapati,ang
uwak,sang
paghupa,ika
nagpatuloy,sang
binuksan,sang
nagpalipad,ang
nagparoo,sa
natuyo,sa
madadapuan,noe
pinalipad,noe
naghintay,noe
tuka,dahon
gumabi,dahon
pitas,dahon
ikaanimnaraan,noe
gumagalaw,sa
naghandog,sa
sinamyo,sa
pagkabata,sa
masarap,nga
susumpain,sa
amoy,sa
taglamig,gab
paghahasik,ang
tag,gab
nananatili,ang
init,gab
hihinto,gab
magpakarami,sa
punuin,sa
luntiang,ginhatag
hihingan,magpatay
sulit,magpatay
hihingin,magpatay
umutang,magpatay
papadanakin,magpatay
magpadanak,magpatay
magbunga,sa
tiras,amo
madai,amo
magog,amo
gomer,ni
meshec,amo
javan,amo
askenaz,ni
rifat,ni
togarma,ni
dodanim,amo
elisha,amo
kittim,amo
tarsis,amo
pulo,amo
wika,ang
put,amo
mizraim,ang
raama,amo
dedan,amo
sabteca,amo
seba,si
sheba,sheba
sabta,amo
nimrod,sa
karaniwang,sang
mangangaso,sa
acad,amo
shinar,shinar
babel,ang
simula,ang
calne,amo
erec,amo
rehobot,rehobot
ir,cala
cale,cala
ninive,cala
resen,cala
ludim,amo
naphtuhim,amo
anamim,amo
lehabim,amo
patrusim,amo
pinagmulan,ginhalinan
caftoreo,amo
casluim,amo
sidon,sidon
het,hithanon
gergeseo,jebusnon
araceo,arkhanon
sineo,arkhanon
arvad,ni
hamateo,ni
kumalat,ang
zemareo,ni
zeboyin,sa
adma,sa
sodoma,sodom
gerar,sa
gomorra,gomora
gaza,ila
eber,si
matandang,amo
arfaxad,arfaxad
aram,aram
ashur,amo
elam,elam
lud,amo
hul,amo
geter,amo
uz,amo
shela,shela
peleg,ang
joktan,amo
almodad,joktan
mavet,joktan
hazar,joktan
jerah,joktan
shelef,joktan
dicla,dikla
uzal,dikla
hadoram,dikla
obal,obal
abimael,obal
jobab,amo
ofir,amo
sefar,sidlangan
mesha,sidlangan
magkakatulad,ginagamit
tumira,sa
semento,sa
lutuing,sa
tore,ang
magkawatak,ila
magtayo,ila
watak,ila
makakapigil,madugay
maunawaan,ila
guluhin,ila
ikinalat,sa
huminto,nga
ipinangalan,ang
ginulo,sa
limandaang,kabataan
reu,sing
serug,sing
nahor,nahor
terah,tera
labinsiyam,kabataan
haran,sa
abram,ang
lot,lot
ur,sa
amang,sa
caldeo,sa
tinubuan,sa
sarai,sarai
nagsipag,amo
milca,ni
iscah,amo
sama,sa
samang,kaupod
manugang,nga
magtungo,kaupod
dalawandaan,edad
kamag,sa
kitang,imo
susumpa,sa
sumama,sa
aaring,sa
nakuha,sa
punong,sa
shekem,shekem
ensina,sa
more,canaanhon
bethel,betel
lumipat,nakatundan
ai,sa
negeb,ila
nagkagutom,sa
taggutom,nga
hahayaan,egiptohanon
makaligtas,ila
mapabuti,ila
pinuri,gindala
pinagpakitaan,sarai
magandang,ang
pinahirapan,tungod
malubhang,tungod
napakayaman,ang
makayanan,ila
napakarami,ila
manirahang,ila
paghiwalay,ila
pagtatalo,ilinaway
magkapatid,kag
humiwalay,na
natanaw,sa
inilibot,sa
zoar,sa
jordan,sa
libis,sa
winasak,sa
gawi,sa
natutubigang,sa
naghiwalay,amo
inilipat,sa
makasalanan,ila
kinalalagyan,sa
tumanaw,sa
natatanaw,imo
mabibilang,ang
lakarin,sa
mamre,sa
elasar,shinar
kedorlaomer,kedorlaomer
arioc,shinar
goiim,shinar
tidal,shinar
amrafel,shinar
bela,bela
birsha,bela
shinab,bela
bera,bela
shemeber,bela
nakipagdigma,bela
nagsama,ila
siddim,ila
naghimagsik,sa
ikalabintatlong,sa
naglingkod,sa
zuzita,sa
astarot,sa
haring,sa
save,sa
carnaim,sa
refaim,refaimnon
emita,sa
kiryataim,sa
seir,seir
elparan,seir
kabundukan,sa
horeo,sa
kadesh,sa
tamar,sa
amalekita,sa
enmispat,sa
hazazon,sa
tumungo,sa
pakikidigma,ila
nahulog,ginakuhaan
hukay,ginakuhaan
gantimpala,sa
kalasag,sa
pangitain,sa
napakadakila,sa
tagapagmana,ang
damasco,amo
tumingala,gindala
bilangin,gindala
ganyan,sa
ibinilang,tungod
katuwiran,tungod
nagpaalis,sa
angkinin,sa
dumalagang,baka
inakay,ang
batu,nga
inihanay,gindala
hinati,sa
mandaragit,ni
bangkay,ang
ibong,sa
binugaw,ni
nakakatakot,sa
lulubog,sa
nakatulog,sa
apatnaraang,sa
hahatulan,sa
paglilingkuran,sa
payapang,sa
malilibing,kalinong
katandaan,sa
tutungo,kalinong
nalulubos,imo
salin,imo
madilim,kolon
hinating,kolon
hurnong,kolon
kenizeo,amo
kineo,amo
cadmoneo,amo
hagar,hagar
hinadlangan,sa
magkakaanak,sa
magkaanak,sa
paninirahan,sa
alila,si
paghamak,ni
mapasaiyo,sa
kandungan,sa
hinamak,sa
pinagmalupitan,amo
nanggaling,nagpamangkot
magbalik,sa
pasakop,sa
karamihan,indi
dalamhati,madugay
ismael,nga
talaga,sa
nakakakita,sa
nanatiling,ang
bered,amo
balong,sa
itinawag,ang
labis,sa
nagpatirapa,sa
pakikipagtipan,sa
magbubuhat,ila
magmumula,sa
tipang,sa
hanggan,sa
maselang,dapat
kainitan,sa
yumuko,sa
tumakbo,kag
lampasan,sa
kaunting,sa
maghugas,nga
magpahinga,nga
lilim,nga
makapagpalakas,sa
takal,sa
nagmadaling,sa
sara,sara
masahin,sa
bakahan,sa
malusog,sa
mantekilya,gindala
kumakain,sang
inihain,gindala
tamang,amo
nakikinig,amo
dinadatnan,tigulang
matanda,tigulang
lipas,tigulang
likas,tigulang
tumanda,bana
nagtawa,bana
kasiyahan,bana
kayang,kag
tumawa,ako
napakahirap,amo
nagkaila,sa
ihatid,sa
sinamahan,sa
ililihim,ko
maibigay,kabataan
tagubilinan,kabataan
napakalubha,sa
halimbawang,ang
mundo,ila
malayong,sa
pataying,ila
makatulad,ila
mangangahas,sa
magkukulang,bug
apatnapu,nga
sakaling,ang
matatagpuan,ang
magalit,ang
sanang,sa
makakatagpo,sa
nagtatakipsilim,ila
iniyukod,ila
pintuang,ila
magsibangon,sa
magpalipas,sa
lansangan,sa
tumuloy,sa
paglakad,sa
magpapalipas,sa
husto,sa
ipinagluto,sa
ipinaghanda,sa
nagsipasok,sa
pinilit,sa
pumalibot,sa
pinakahuling,tigulang
nagsihiga,tigulang
tinawagan,ila
isinara,sa
nakikiusap,sa
ganyang,sa
gawan,ang
nasipingan,ila
bubungan,ila
ipinagtulakan,ila
sirain,sa
nagsilapit,ang
sinarhan,ginsiradhan
binatak,ginsiradhan
binulag,sa
ritong,sa
kasamahan,sa
nagbibiro,ginkadtuan
gugunawin,ang
magsialis,ginkadtuan
kinausap,sang
akala,ginkadtuan
mapapangasawa,ginkadtuan
madamay,sa
nagtagal,gindala
lumingon,ang
mailabas,sa
kapahamakan,sa
abutan,sa
maliligtas,sa
matakasan,sa
pinapayagan,paglaglagon
sige,paglaglagon
binanggit,paglaglagon
pagkawasak,ang
magagawa,ang
magmadali,ang
sumikat,ni
asupre,nagadabdab
ginunaw,kapatagan
asin,asin
maagang,pa
kinatayuan,diin
tumataas,sa
tinirahan,sa
gunawin,sa
moabita,ang
ammonita,sa
papalabas,ang
yungib,sa
kaugalian,sa
bunso,ang
mapanatili,sa
mahiga,sa
kagabi,sa
nagdalang,ni
benammi,ang
ammon,ang
abimelec,sa
nagpasugo,sa
panaginip,nga
nakakasiping,abimelec
kawalang,sa
ipinahintulot,sa
galawin,sa
oo,sa
isauli,bana
tandaan,bana
ipapanalangin,bana
isinauli,sa
pagkatakot,sa
pupuntahan,sa
maipapakita,sa
gusto,sa
magpapawalang,imo
pirasong,sa
napawalang,imo
ganap,ang
tinuli,ni
makikitawa,sa
makarinig,sa
pinatawa,sa
magpapasuso,tigulang
magsasabi,ang
pagsuso,punsyon
handaan,siya
nagdaos,punsyon
inawat,punsyon
nakikipaglaro,ni
magmamana,sa
kahati,sa
palayasin,sa
magdamdam,magahalin
papangalanan,magahalin
beer,si
nagpagala,suludlan
inilapag,bata
maubos,sa
lalagyang,ila
mabababang,bata
banat,sa
pana,sa
umiiyak,sa
nagsisigaw,ang
upo,sa
kamatayan,indi
layo,sa
napaano,nabatian
alalayan,bata
ialay,sa
kaisa,imo
minamahal,sa
moria,imo
naghanda,sa
tauhan,sa
nagsibak,kaupod
babalikan,sa
korderong,nga
tinalian,sa
ipinagkait,sa
inialay,ang
sumabit,sa
yireh,sa
yahweh,sa
ipagkakaloob,sa
arba,amo
ipagluksa,amo
kiryat,amo
mawala,nga
mapaglilibingan,sa
prinsipe,sa
magkakait,sa
ilibing,ang
paglibingan,sa
pinakamabuti,sa
pagbili,nga
macpela,nga
mamagitan,kamo
sang,ang
efron,efron
kabuuang,sa
paglilibingan,sa
yumukod,sang
ililibing,ako
gaano,sa
karaniwan,sa
mangangalakal,amo
timbang,ang
tinimbang,amo
pinagpala,sa
pakilagay,imo
namamahala,imo
pinakamatanda,imo
panunumpain,kaupod
ngalan,kaupod
ikukuha,sa
pinanggalingan,nagpamangkot
ibalik,sa
pabalikin,mag
mesopotamia,sa
pinaluhod,sa
papalubog,sa
paglabas,sa
magmagandang,imo
tagumpay,imo
pagsabihan,sa
banga,kag
pakibaba,sa
dalagang,sa
paiinumin,sa
betuel,betuel
rebecca,si
pagsasalita,si
nakatapos,betuel
nasisipingan,sa
makikiinom,sa
ibinaba,ang
iiigib,sa
mapainom,sa
ibinuhos,sa
kaagad,sag
tumakbong,sag
tinitingnan,sa
tahimik,sa
kanino,sa
matutuluyan,sa
lumuhod,sa
inilayo,sa
ketura,ketura
jokshan,amo
medan,amo
isbak,amo
shua,ni
zimram,amo
leummim,amo
letusim,amo
assurim,amo
abida,amo
eldaa,amo
efer,amo
kaloob,nga
asawang,sa
pinapunta,sa
inilibing,nga
nalagot,sa
lahai,sa
roi,sa
mibsam,amo
sunod,amo
pagkakasunud,amo
adbeel,amo
kedar,amo
nebayot,ni
duma,mishma
misma,mishma
massa,mishma
jetur,jetur
kedema,jetur
nafis,jetur
tema,jetur
hadad,jetur
nayon,sa
esau,esau
kababayan,sa
nanirahang,sa
padan,padan
arameo,betuel
panalangin,sa
magtanong,amo
naglaban,amo
nakatatanda,magahalin
nakababata,magahalin
hati,nga
ipapanganak,magahalin
panganganak,ang
kambal,bata
mapula,ngalanan
mabalahibong,balahibuhon
katawa,ngalanan
pagkapanganay,sa
nakakapit,sa
animnapung,sa
ipinagbili,ang
pangangaso,jacob
sanay,sa
minahal,kay
nilaga,jacob
nagluto,jacob
pakainin,amo
mapulang,amo
muna,bilang
mapapakinabang,sa
isumpa,amo
lentehas,jacob
sasamahan,sa
sinunod,sa
tagubilin,kasuguan
nilinlang,nag
inakala,sa
dumungaw,madugay
matagal,kag
hinahaplos,madugay
durungawan,madugay
dahilan,sa
gumalaw,sa
ibayo,sa
makasandaang,sa
yaon,sa
umani,sa
naghasik,sa
kinainggitan,kanding
hinukay,ang
pinagtatabunan,sadto
bumubukal,nagkutkot
esec,ila
pinagtalunan,nagkutkot
sitnah,nagkutkot
mabunga,nga
kaluwagan,nagkutkot
sumpaan,sa
tagapayo,kaupod
ficol,kaupod
ahuzath,kaupod
noo,kaupod
kapitan,sa
malinaw,kaupod
ginalaw,sa
nagpahanda,ila
pinalakad,sa
nagsumpaan,ila
gumising,ila
binalitaan,ila
elon,anak
basemat,anak
judith,tuig
beeri,tuig
malabo,anak
ihuli,pa
busog,imo
usa,sa
sandata,sa
ipaghanda,sa
mabasbasan,sa
manghuli,sa
basbasan,sa
sundin,sa
makinis,jacob
mabalahibo,sa
mandaraya,ni
matatanggap,nga
hipuin,ni
mapasaakin,sa
pinakamagandang,ni
bunsong,sa
ibinalot,kanding
hahawakan,mahikap
humalik,sa
naamoy,jacob
suot,kag
saganang,imo
magpapala,sa
magsiyukod,sa
mapapalad,sa
sumusumpa,sa
basbas,sa
bahagya,jacob
nakakaalis,jacob
katatapos,jacob
galing,sa
bangon,gindala
mapalad,sa
kapaitan,ni
sumigaw,iya
pandaraya,nga
tumpak,nagpamangkot
inagawan,nagpamangkot
inilaang,nagpamangkot
pamatok,sa
pagluluksa,sa
kinapootan,nga
inaaliw,jacob
naibalita,sa
pagpaplanong,jacob
mapawi,imo
ipasusundo,imo
malimutan,imo
aasawa,sang
yamot,jacob
paramihin,pa
pasaganain,pa
pinaglakbayan,sa
ariin,sa
pinahayo,sa
ipinagbilin,jacob
kinuhang,sa
mahalat,sa
nagpalipas,pagtulog
nahiga,pagtulog
matulog,pagtulog
ulunan,nga
nanaginip,nagdamgo
manaog,sa
hagdan,sa
nagmamanhik,sa
kinahihigaan,amo
kakalat,imo
nagagawa,kaupod
alamin,kaupod
nagising,nga
binuhusan,ang
bantayog,handumanan
luz,jacob
maisuot,jacob
nagpanata,jacob
nilalakaran,jacob
makabalik,sa
nagpapahinga,sa
labi,ang
pinaiinom,ang
napakalaki,sa
nagkakatipon,makatipon
iginugulong,makatipon
raquel,raquel
pastulin,ila
natitipong,amo
maigulong,amo
hangga,sa
iginulong,kaupod
hinagkan,sa
niyakap,sa
lea,si
kumilos,ni
mapupungay,ni
halina,ni
kahali,ni
naganap,raquel
tinipong,sa
kinagabihan,gindala
zilpa,zilpa
pinaglingkuran,sa
linggong,raquel
ganoon,sa
linggo,sa
bilha,bilha
inibig,sa
mamahalin,bana
kinapopootan,bana
nagkakaanak,raquel
nainggit,jacob
nagkait,naakig
manganak,sa
sinipingan,kag
hinatulan,raquel
pakikipagbuno,raquel
nakipagbuno,nga
kapalaran,bata
tatawagin,ang
maligaya,sa
mandragora,raquel
paggapas,gindala
sisiping,sa
ngayong,ang
ikalimang,sang
iniupa,bana
dina,dina
inalala,nga
kahiyahiya,ang
pagiging,ang
dagdagan,bata
makapunta,pagkatapos
natutunan,sa
ipahihintulot,sa
panghuhula,sa
bumaling,imo
kakaunti,sa
pakakainin,ang
aalagaan,nagpamangkot
maitim,kambang
batik,ang
dungis,kambang
nakaw,kambang
sasagot,sa
huli,kambang
pinaalagaan,kambang
puti,kambang
pinakain,amo
agwat,amo
alamo,nga
almendro,nga
sanga,nga
kastano,nga
binalatan,nga
mapuputi,nga
pinalitaw,nga
kayamanan,sa
tinamo,jacob
pagturing,pagtratar
ipinaglingkod,sa
binago,dios
sahod,ang
magkagayon,ko
nanganganak,amo
nakipagtalik,sa
nagtatalik,kambang
nakikipagtalik,kambang
sinilangan,handumanan
panata,sa
natitirang,raquel
nagsisagot,jacob
inubos,sa
itinuring,kag
kayamanang,nga
mahanaim,ila
namalagi,jacob
inutusan,ila
sugo,ginsugo
sumalubong,ginsugo
nabahala,jacob
puksain,mag
tatakas,nga
jordang,imo
katotohanan,sa
karapat,imo
kaawaan,imo
pagpapatayin,imo
buhangin,sa
panregalo,nga
inahin,ila
kamelyong,ila
nakabukod,maglakat
tanungin,sa
regalo,sa
padala,regalo
nakasalubong,amo
ipinauna,jacob
mapaglubag,jacob
ipinadala,ila
peniel,jacob
nauna,sa
jaboc,gindala
tumawid,gindala
tawiran,gindala
itinawid,ni
batis,nga
magbukang,nagaisahanon
naiwang,nagaisahanon
liwayway,nagaisahanon
nalinsad,jacob
nakikipagbuno,jacob
kasu,jacob
kasuan,jacob
manalo,jacob
bibitawan,jacob
malibang,ang
bitawan,jacob
nagbubukang,jacob
itinatanong,nagpamangkot
naligtas,jacob
penuel,jacob
pilay,jacob
sinikatan,jacob
papilay,jacob
litid,amo
kasamang,ila
pangalawa,ila
pinakahuli,ila
mapalapit,nga
iyakan,nga
niyapos,nga
nagsiyuko,dayon
nasalubong,nagpamangkot
kahulugan,ang
nalugod,jacob
hinimok,sa
sasama,si
pinagmadali,maglakat
nagpapasuso,maglakat
mahihina,maglakat
magpauna,mag
dahan,mag
hakbang,mag
makarating,sa
magpapatuloy,sa
lakad,seir
balag,jacob
pinagtayuan,amo
halagang,sa
hamor,ang
elohe,ngalanan
el,ngalanan
pagmamahal,sa
nangusap,sa
napalapit,sa
pinagsamantalahan,jacob
nabalitaan,sa
magsiuwi,ila
pagsiping,sa
kalapastanganan,ila
ipagkaloob,ila
nasasabik,ila
magsipag,sa
mangalakal,mag
bigay,sa
magagawang,sa
papayag,magpatuli
tuliin,magpatuli
makikisama,sa
maninirahan,sa
matuli,maglakat
nasiyahan,ni
pinakamarangal,sa
atubili,sa
makitungo,ila
laki,ila
magsipangalakal,ila
ipakasal,ila
riyan,ila
tumirang,ila
patuli,ila
sumang,sa
mahapdi,ila
palihim,ila
nilooban,nga
nagsialis,nga
sinamsam,kabataan
magtitipon,sa
iilan,sa
kasuklamsuklam,sa
sasalakayin,sa
binagabag,jacob
maglinis,jacob
banyagang,jacob
palitan,ang
kabalisahan,sa
saanman,sa
debora,sa
yaya,sa
bacuth,sa
allon,sa
manggaling,jacob
zibeon,amo
aholibama,amo
ana,amo
elifaz,ni
jalam,amo
jeus,amo
tustusan,ila
makayang,ila
edomita,amo
omar,amo
kenaz,amo
zefo,amo
teman,amo
gatam,ni
timna,ang
zera,ni
nahat,ni
shammah,ni
mizza,ni
pinunong,sila
lotan,amo
sobal,amo
disan,nga
eser,sila
dishon,kag
hori,amo
heman,amo
alvan,amo
manahat,amo
ebal,amo
onam,amo
maiinit,amo
aya,amo
cheran,amo
hemdan,amo
esban,amo
itran,amo
acan,amo
bilhan,amo
zaavan,amo
aran,iram
pamilya,sa
salaysay,amo
ibinalita,amo
labimpitong,sa
nagpapastol,amo
mahabang,sa
isalaysay,naakig
napoot,naakig
napanaginip,ang
nagtatali,sa
mamamahala,naakig
pinagalitan,naakig
isipan,sa
hira,sa
adullamita,sa
tinatawag,ni
er,er
onan,onan
chezib,ngalanan
pinapag,sa
pakasalan,bana
ipagbangon,bana
itinatapon,sa
mabigyan,sa
tapos,kaupod
pagdaan,kaupod
manggugupit,kaupod
kaibigang,kaupod
umaahon,tamar
ibalita,tamar
pagupitan,tamar
belo,mapadala
nagbalatkayo,mapadala
nagpalit,mapadala
enaim,mapadala
ismaelita,sa
bantay,sa
potifar,sa
maunlad,ubayan
among,ubayan
umuunlad,ni
katulong,ang
ipinamahala,ang
pamahalain,sa
matipuno,pagkaon
makisig,pagkaon
nakikialam,ang
kinakain,ang
tinitigan,nga
tumanggi,ang
makisama,sa
tuyain,bana
pinasok,bana
nagtaas,gani
iningatan,bana
ibinilanggo,sa
bilanggo,prisohan
pinagkukulungan,ginpadakop
pangangalaga,gintugyan
pinagpapala,sa
pamamahala,sa
panadero,sa
kopa,ang
katiwala,sa
tagapamahala,sa
bilangguang,prisohan
kinapipiitan,prisohan
mamahala,nga
inatasan,nga
balisa,sila
paliwanag,sa
makapagpaliwanag,sa
ubas,ang
buwig,sanga
namulaklak,sanga
hinog,sanga
pagsipot,sanga
piniga,pagkatapos
katungkulan,sa
napabuti,sa
ginagawang,sa
kaing,ang
ibinalik,sa
ibinitin,ni
ipinakahulugan,ni
nakalimutan,ilimnon
matataba,pito
pangit,nga
pito,pito
payat,pito
pampang,may
nagsihinto,pito
mabibintog,matinggas
natulog,sa
umusbong,sa
pagkakataon,sa
malulusog,matinggas
tangkay,sa
tumubong,sa
tinuyo,sa
diwa,ila
nabagabag,ila
naaalala,sa
pagkakasala,sa
ipinaliwanag,sa
ipinabitay,sa
makapag,sa
makapagpalit,sa
ahit,sa
naipapaliwanag,sa
pagkarinig,sa
kapayapaan,sa
nagsiahon,sa
kapangitan,sa
napakapangit,sa
nauunang,nga
makapagsasabi,amo
makain,amo
umuusbong,sa
lanta,sa
umahong,ang
ipinaalam,mahal
kasaganaan,sang
sasalantain,sa
malilimutan,sa
maaalala,duta
napakatindi,sang
makalawa,dios
uulit,dios
nangangahulugan,dios
pahanapin,mahal
maglagay,sa
masasaganang,ila
itabi,ila
ikamalig,ila
mapuksa,sa
laan,sa
ikinatuwa,ni
mungkahi,ni
kinakasihan,sa
nagtitinginan,jacob
mangyaring,sa
nagsidating,kaupod
nakasubsob,sa
nagbibili,sa
nagkunwaring,ila
marahas,masakit
espiya,mga
nagsiparito,nagkadto
magkakapatid,sa
masusubok,sa
magkakasama,sa
maiwan,sa
nakabilanggo,sa
mapapatotohanan,mapamatud
pighating,amo
makiusap,amo
pighati,amo
pagtutuos,sa
naiintindihan,ni
tagapagsalin,ni
sako,sa
ipinag,ila
mababaon,ila
ipinapasan,ni
pagbubukas,ila
tuluyan,sa
nanlupaypay,nagsinggit
makakapangalakal,sa
inaalisan,ila
bungkos,ila
pinangulila,ila
maibabalik,sa
ipapatay,sa
kapanglawan,sa
sheol,sa
pabababain,jacob
uban,sa
matindi,sa
nagbabala,kaupod
pasasamahin,sa
ibibili,sa
tanong,nagpamangkot
masusing,nagpamangkot
pasamahin,makalakat
sisi,sa
panagutin,sa
naiharap,sa
mananagot,sa
naibalik,sa
nakabalik,nga
naantala,nga
almendras,amo
pili,amo
mira,amo
napansin,sa
pabalik,sa
dobleng,ang
mangungulila,sa
mangulila,sa
manananghaliang,kaupod
dakpin,gindala
karagdagang,sa
ibili,sa
alala,amo
makapaghugas,ila
magsisikain,ila
tanghali,ila
maiiyakan,sa
humanap,sa
nanaig,sa
maghain,ila
naghilamos,ila
nagpigil,ila
hinainan,kaupod
kumakaing,kaupod
pagkabunso,ila
nagtinginan,ila
pagkamangha,ila
nagkatuwaang,kaupod
madadala,ila
kopang,sa
habulin,ila
ginantihan,ila
nakakalayo,ila
iniinuman,sa
nanghuhula,sa
mananakaw,gindala
sinaliksik,sa
kinargahan,ila
pinunit,ila
nandoon,sa
makapanghuhula,ila
kinatagpuan,amo
sasalitain,amo
makakapangatuwiran,amo
umuwing,amo
nawang,sa
bumabang,kaupod
makikitang,kaupod
makakababa,kaupod
sakuna,tigulang
ibababa,tigulang
nakatali,nga
panagot,sa
halip,imo
makakapunta,kaupod
magpakilala,kaupod
nakapagpigil,kaupod
makasagot,sa
magdalamhati,amo
magligtas,amo
pagbubukid,sing
nakaligtas,sa
magpanatili,sa
magtagal,sa
malalapit,kabataan
tutustusan,sa
nagsasalita,amo
iginagalang,sa
humilig,amo
ulat,sa
minabuti,sa
kargahan,ila
katabaan,ila
tamasahin,ila
inuutusan,ila
bihisan,ila
pampalit,ila
asnong,sa
pasang,sa
aaway,mag
nabigla,ila
katunaya,ila
makapaniwala,ila
nanauli,ila
isasara,sa
inapong,gindala
natamo,gindala
perez,sa
hamul,sa
simron,ni
job,ni
tola,ni
jalel,ni
sered,ni
zifion,sa
hagui,sa
suni,sa
ezbon,sa
areli,sa
eri,sa
arodi,sa
beriah,utod
isui,utod
malkiel,utod
imna,utod
isva,utod
sera,utod
potifera,amo
asenat,amo
on,amo
manases,sa
efraim,sa
asbel,bela
ros,bela
ehi,bela
naaman,bela
ard,bela
beker,bela
hupim,bela
muppim,bela
husim,nag
jahzeel,ni
jeser,ni
guni,ni
shilem,ni
yumakap,ang
hanapbuhay,trabaho
patirahin,sa
iniharap,ginpakilala
pastulan,mag
pinatayo,gindala
gaanong,edad
karami,edad
maihahambing,malip
masasama,malip
pamumuhay,malip
pinatira,sa
nanghina,nagluya
trigong,sa
binibili,gindala
naubos,sa
maililihim,sa
naiiwan,sa
matapos,sa
bilhin,ang
tanging,ang
hasikan,ginbakal
kasambahay,sa
gugustuhin,sa
pakiusap,ikalima
sumagana,ila
mangako,sa
humimlay,sa
nagpalakas,ginsugiran
palalaguin,ila
bethlehem,amo
efrata,amo
babasbasan,sa
akalaing,imo
tuhod,ni
iniyuko,ang
kaliwang,sa
pinagkrus,amo
tumubos,sa
ilipat,sa
ipatong,amo
lagi,pagaupdan
tipon,sa
magtipun,sa
pinakamataas,sa
kasakdalan,sa
kumukulong,nagabukal
dinumihan,nagabukal
mangingibabaw,nagabukal
sumampa,nagabukal
nilumpo,mag
ikakalat,sa
leon,sa
lumugmok,sa
makakagising,sa
pagkahuli,sa
shilo,magahalin
pagkapuno,magahalin
mahihiwalay,magahalin
setro,magahalin
pagtalima,magahalin
namumula,sa
namumuti,magaputi
tatahan,sa
sasakyang,sa
kanlungan,sa
nahihiga,makusog
pinagagawa,imo
pagpapahingahan,imo
hahatol,sing
landas,sa
sakay,sa
nahuhulog,sa
ulupong,sa
nangangagat,sa
hinintay,jacob
sasalakay,tulisan
mandarambong,tulisan
tataba,sa
pinakawalan,ginbuy
supling,sa
mabungang,sa
tambangan,ila
ginigipit,ila
bihasa,ila
namamana,ila
pinalakas,ila
nalalagay,kabataan
tutulong,kabataan
kilay,sa
mapasaulo,madugay
lobong,sa
nilalamon,sa
nasila,sa
paglilibing,sa
sinalita,amo
makasama,jacob
makapagbilin,kabataan
nalagutan,kabataan
itinikom,kabataan
manggagamot,ginsugo
inembalsamo,ginbalsamar
embalsamuhin,ginsugo
matupad,egiptohanon
iimbalsamo,egiptohanon
gumugol,egiptohanon
pagtangis,ila
pinanumpa,sa
ipinasumpa,pagkahibalo
matatandang,kaupod
napakalaking,sila
ipinagluksa,ila
giikan,ila
atad,ila
mailibing,sa
gantihan,ila
pagkakamali,ila
nagnasa,magaresulta
mapanatiling,magaresulta
kabaitan,pagkapatay
nagsalitang,pagkapatay
inaliw,pagkapatay
makir,sa
dadalawin,sa
kabaong,lungon
ikatutubos,sa
babalatan,hiwa
hilagang,sa
kakatayin,sa
puputulan,pari
patutuluin,sa
butsi,sa
ihahagis,sa
silangang,sa
bibiyakin,sa
kamanyang,insenso
luto,sa
kawali,sa
sangkap,ihalad
magsusunog,sa
mawalan,regalo
titimplahan,regalo
niligis,bilang
sinangag,sa
bumabalot,sa
aalising,pati
lamad,parte
gulugod,amo
pinakamalapit,amo
inihandog,sa
nakagawa,sang
nagbunga,pari
ilulubog,sa
pinagtatapunan,abo
kasalanang,nga
torong,sa
pagkasunog,amo
naipaalam,kanding
pinagkakatayan,sa
pangkaraniwang,sa
pinagpapatayan,sa
nalabing,sa
nagkakasala,nga
panawagan,sa
parusahan,sa
hayagang,sa
nakarinig,sa
sumaksi,sa
umuusad,nga
nakahipo,mahigko
marumi,nga
karumihan,nga
padalus,pasapayan
panunumpa,pasapayan
dalos,pasapayan
ipahayag,sa
budhing,sa
maysala,sa
pipilipitin,sa
magwiwisik,sa
pagsira,sa
pagtitiwala,sa
itinakda,sa
ipinagkasala,amo
magdaragdag,ang
habilin,sa
sumuway,sa
pangingikil,sa
nagsinungaling,sa
kasinungalingan,sa
nawawalang,sa
naunawaan,mapamatud
inihabilin,mapamatud
habiling,mapamatud
daragdagan,ang
nagmamay,sa
kabulaanan,sa
sinumpaan,sa
napatunayang,dapat
mataba,ikog
magmamay,bilang
mapupunta,sa
pantay,pari
tuyo,pari
pasasalamat,sa
magkakasala,sa
ibibilang,sa
mapasagi,mahigko
maruming,sa
paggagamitan,sa
iwagayway,sa
nagkatipon,nga
hinugasan,sa
ibinigkis,pari
binigkisan,pari
pagkakahabi,pari
ginintuang,ginsugo
plata,ginsugo
pinalapit,gindala
ipinahid,sa
nilinis,sa
makagawa,sa
kinatay,pa
nilangisan,sa
iwinagayway,ginsugo
maganap,pito
ihandog,sa
magpakita,sa
putol,gindala
palad,sa
suuban,sa
pinatungan,amo
maluluwalhati,amo
nanahimik,amo
amain,sa
magsilapit,kuhaa
binuhat,gindala
tataghoy,amo
punitin,amo
ilugay,amo
buhok,sa
alituntunin,nga
iinom,imo
matapang,imo
tungkulin,sa
kaining,kuhaa
hinanap,naakig
sikap,naakig
nalalabing,naakig
banalang,ila
tiniyak,ginsugo
lugod,ila
nakakain,ila
kalugud,ila
biyak,ila
ngumunguya,nga
kuneho,nagausang
liebre,mahigko
baboy,bisan
kaliskis,ila
palikpik,ila
pandidirihan,ila
buwitre,kabog
buwitreng,kabog
itim,kabog
limbas,kabog
lawin,kabog
avestruz,kabog
panggabing,kabog
lawing,kabog
somormuho,kabog
kuwago,kabog
puting,kabog
pelikano,kabog
kabág,kabog
tagak,kabog
paniki,kabog
kulisap,kabigon
ginagamit,kabigon
makalundag,kabigon
tipaklong,kabigon
kuliglig,kabigon
lukton,kabigon
maglalaba,ang
bumuhat,mahigko
kuko,nagausang
bubuwit,mahigko
daga,mahigko
bayawak,mahigko
bubuli,mahigko
buwaya,mahigko
butiki,mahigko
tuko,mahigko
hunyango,mahigko
malapatan,ang
kasangkapang,mahigko
babasagin,ang
mabuhusan,mahigko
inuming,sa
kalan,mahigko
masagi,mahigko
panghasik,magapabilin
binhing,magapabilin
ihahasik,magapabilin
nabasa,nahulom
marumihan,amo
durungisan,amo
magpakabanal,sa
regla,sa
pagkakaroon,mahigko
maglihi,mahigko
paglilinis,nga
itutubos,sa
malilinis,amo
pamamaga,sa
singaw,guros
ketong,nga
langib,guros
masuri,mahigko
malalim,sa
susuriin,sa
pumuti,pari
lalabhan,sa
namutla,sa
kumakalat,guros
ikukulong,mahigko
maaabot,sa
bumalot,sa
pumuting,mahigko
gumaling,pari
ikuha,pari
sedro,ang
itutubog,sa
pakakawalan,sa
lilinisin,sa
aahitin,magpaligo
maliligo,magpaligo
baba,magpaligo
log,sa
naglilinis,pari
makakasapat,amo
pinaglagyan,sa
alin,sa
abot,sa
yatang,pari
alisan,mahigko
berde,sa
nagkukulay,sa
dingding,sa
pagsusuri,sa
itapon,mahigko
ipakakayod,mahigko
kinayod,mahigko
duming,mahigko
pampalitada,nga
ihahalili,nga
mapalitadahan,pagkatapos
ipakayod,pagkatapos
magsisiyasat,mahigko
nakakasira,mahigko
palitada,mahigko
gigibain,sa
ipinasara,mahigko
napagaling,sa
maingat,sa
sinulid,isopo
kaparangan,sa
pangangati,sa
makintab,amo
tulo,nga
higaang,mahigko
mahigaan,mahigko
maupuan,mahigko
lumura,mahigko
sakyan,mahigko
sapin,mahigko
mahipo,ang
nakapaghugas,mahigko
babanlawan,kolon
paliliguan,ang
bibilang,sa
luminis,amo
nilalabasan,mahigko
pagdurugo,ang
buwanang,mahigko
hinipo,mahigko
labasan,mahigko
lampas,mahigko
hinihigan,mahigko
ihihiwalay,ila
dinungisan,sa
sumisiping,amo
dinudugo,amo
dalang,amo
panloob,magpaligo
magsusuot,ang
turbanteng,magpaligo
magbibigkis,magpaligo
palabunutan,diin
azazel,kanding
pipiliin,diin
ihaharap,sa
nabunot,kanding
itubos,ila
payaunin,ila
baga,sa
dinikdik,sa
tumakip,sa
matubos,sa
babanalin,sa
paglabag,ila
ipapadala,ila
huhubarin,sa
nagpakawala,magpaligo
pagdaraos,magpaligo
magpakasakit,amo
linisin,amo
alituntuning,sa
hihirangin,amo
tubusin,nga
ipaparatang,amo
nagbubo,amo
pinapatay,amo
demonyong,sa
pagtataksil,sa
sanhi,sa
tumutubos,amo
humuli,sa
tatabunan,sa
katutubo,sa
paliguan,magpaligo
tataglayin,magpaligo
pinagdadalhan,sa
pagtatalik,ang
bawal,amo
tinupad,amo
ilitaw,sa
ililitaw,sa
tiya,imo
papakisamahan,sa
kaagaw,imo
hipag,imo
pagreregla,mahigko
dungisan,sa
molec,sa
mahalay,mahigko
makasiping,mahigko
isinusuka,ila
nadungisan,sa
pagsuka,ila
isuka,sa
bilin,sa
kaugaliang,amo
gumalang,amo
babaling,amo
inanyuan,amo
nalaglag,sa
titipunin,mga
gagapasan,mag
anihin,mag
ginagapas,mag
ginapasan,mag
uubusin,amo
magsisinungaling,isigkatawo
upahang,sang
gigipitin,isigkatawo
pagnakawan,isigkatawo
katakutan,amo
mumurahin,amo
katitisuran,amo
magtatangi,pagpaburan
itatangi,pagpaburan
kalikuan,pagpaburan
pagkatao,sa
magpaparoo,amo
titindig,amo
tagapagdala,amo
tsismis,amo
kapopootan,kamo
sasawayin,isigkatawo
magpasan,isigkatawo
magtatanim,amo
iibigin,amo
maghihiganti,amo
hibla,pagpakastahi
magkaibang,pagpakastahi
palalahian,pagpakastahi
pagsisiyasat,mahigko
nabibigyan,mahigko
natutubos,mahigko
kalayaan,tuig
nakatakdang,mahigko
ipinikit,sa
pagpapakasama,sa
ugnay,kalag
nagpapakasamang,kalag
isasagawa,sa
kasagwaan,sa
lumalait,sa
nilait,sa
mangalunya,sa
nangalunya,sa
naglitaw,ila
kahalayan,ila
inilitaw,sa
hinubaran,sa
daloy,sa
kalinisan,mahigko
tatahanan,sa
pagdadalhan,sa
nasusuklam,ila
binubukalan,ila
nagbukod,ila
marurumi,mahigko
inihiwalay,mahigko
sumasangguni,kalag
madungisan,bana
malapastanganan,kaugalingon
kalbong,sa
hihiwaan,sa
gugupitin,sa
balbas,sa
nilalapastangan,mahigko
pagpapaupa,mahigko
pangunahin,patay
maglugay,patay
magsuot,patay
pagtalaga,bana
magsilayo,amo
lapastanganin,amo
kalagayang,mahigko
nilabasan,mahigko
makakapagparumi,mahigko
pagkalubog,mahigko
marurumihan,mahigko
ipagkakasala,ibaliwala
manunuluyan,pari
magkamaling,sa
magbubunga,sa
pagpasan,sa
kabayaran,ila
pagtupad,sa
matanggap,sa
sakdal,sa
bali,sa
galis,sa
kapansanan,sa
napakahaba,sa
napakaikli,sa
kasarian,sa
nadurog,sa
naputol,sa
haharapin,sa
pagpupulong,sa
inani,sa
nagapas,sa
madala,sa
pagkalipas,sa
magpapahayag,amo
ginapas,amo
ipinagdiriwang,pagdumdom
kubol,sa
ikasiyam,sa
magpapakumbaba,sa
mayayabong,sa
kapistahang,sa
iutos,ginsugo
magluluto,sa
tungkuling,sa
halimbawa,ila
makatarungang,ila
shelomit,amo
debri,amo
magpatong,ila
manlalait,ila
lumait,ila
magpapalit,ang
pininsala,sa
pagkapinsala,sa
pipinsalain,sa
pinagbabato,gindala
nanlait,gindala
pupungusan,sa
inanihan,tanom
tumubo,tanom
pagpapabalik,sa
hayupan,kasapatan
makapitong,amo
patutunugin,amo
jubileo,ila
ikalimampung,sa
ubasang,sa
maghahasik,sa
niyan,mag
taóng,sa
magbili,sa
manlamang,sa
magbibili,sa
pananim,tuig
bibili,sa
kakauntian,mag
ipinagbibili,mag
matatakot,tahura
suliranin,tahura
tiwasay,sa
nakikipamayang,sa
maipagbibili,sa
naghirap,ang
manunubos,sa
masagana,sa
pinagbilhan,sa
bibilangin,sa
mapapasa,sa
maibalik,sa
bibitiwan,sa
maipagbili,ang
nagbili,pader
tirahang,pader
napapaderang,sa
mababawi,sa
bukirin,pader
makakatubos,ang
pautang,ila
aalalayan,sa
mamumuhay,sa
nakikipanuluyan,sa
buhayin,sa
pakinabang,sa
patubo,sa
pagpapalaya,nagpaguwa
nakikipanirahan,sa
kabagsikan,sa
bibilhin,sa
maiaatang,ila
yumaman,sa
nakikipanirahang,sa
pagkabili,amo
bibilangang,amo
ibinili,amo
pagkatubos,amo
yukuran,handumanan
magtatayo,handumanan
larawang,handumanan
igagalang,amo
aabot,sa
paggiik,sa
katatakutan,sa
mahihiga,sa
mabubuwal,sa
hahabol,5
papagtibayin,sa
lilingapin,sa
inilaan,amo
luma,amo
mapopoot,sa
sinira,sa
kasusuklaman,sa
unting,amo
kikitil,amo
aapoy,amo
lagnat,amo
sisira,amo
itututok,sa
masasaktan,sa
humahabol,sa
kahambugan,pagpaulanon
gugugulin,sing
salungat,sa
maiilap,sa
aagawan,sa
mawawalan,sa
maturuan,sa
ipaghiganti,sa
magpapadala,sa
matitipon,sa
mabubusog,sa
ipamamahagi,sa
timbangan,sa
sasalungat,sa
matataas,sa
aamuyin,sa
magtataka,sa
basurahan,gira
pagbubunutan,gira
nananatiling,sa
magtatamasa,sa
magagalak,sa
tatamasahin,sa
ipinagpahinga,sa
pagkasira,sa
nalalaglag,gindala
malalabi,gindala
dahong,gindala
dadalhan,gindala
magkakatisuran,gindala
lalamunin,sa
mabubulok,tungod
mapagtiis,tungod
nagtaksil,pagpakatig
magbayad,pagpakatig
aalalahanin,sa
sira,sa
itinakuwil,sa
pababayaan,sa
itatakuwil,amo
ihahalaga,sa
itutumbas,4
tutumbasan,sa
itinakdang,amo
patatayuin,amo
pinalitan,pagbayluhan
papalitan,pagbayluhan
babaguhin,pagbayluhan
maihahandog,mahigko
paghahalaga,nga
hahalagahan,nga
magtatalaga,sa
inihalaga,bili
nagtalaga,sa
minana,ang
ibabawas,sa
naalis,sa
magtalaga,ginbakal
binilhan,amo
gramo,sining
idaragdag,mahigko
buwis,sing
idagdag,ang
ipinalit,pagbayluhan
sisiyasatin,pagbayluhan
